{
    "full_name": "Sterling Peet",
    "email": "noreply@nospam.com",
    "component_name": "My Example",
    "component_short_description": "Example Component for F Prime FSW framework.",
    "component_slug": "{{ cookiecutter.component_name|slugify(separator='', lowercase=False) }}",
    "component_dir_name": "{{ cookiecutter.component_slug }}",
    "component_explicit_component_suffix": ["Component", ""],
    "component_explicit_common": ["", "Common"],
    "component_impl_suffix": ["Impl", ""],
    "component_path": "Prjct/Grp",
    "component_path_to_fprime_root": "../..",
    "component_namespace": "{{ cookiecutter.component_path|replace('/','::')|replace('\\\\','::') }}",
    "component_kind": ["active", "passive"],
    "component_multiplatform_support": ["no", "yes"],
    "license": ["None", "MIT license", "BSD 2-Clause License", "BSD 3-Clause License"]
}

